fold,accuracy,roc_auc,log_loss,precision,recall
0,0.9999927783060312,0.9983915662650604,2.6029623428967e-4,0.9959871589085072,0.9967871485943776
1,0.9999914548903662,0.9980536547433904,3.0799696981135e-4,0.9953379953379954,0.9961119751166408
2,0.9999915728443336,0.998463573619632,3.0374547789678e-4,0.9946442234123948,0.9969325153374232
3,0.999987697032032,0.9971231527093596,4.4344391309595e-4,0.9934372436423298,0.9942528735632185
4,0.999992403034228,0.9980969581749048,2.7382240109051e-4,0.9961977186311788,0.9961977186311788
