fold,accuracy,roc_auc,log_loss,precision,recall
0,0.9999695140540212,0.992949530516432,0.00109882487010317,0.9836065573770492,0.9859154929577464
1,0.9999626693371616,0.99064865962632,0.00134553347213279,0.9813160032493908,0.9813160032493908
2,0.99997246245332,0.9931018376722818,9.9255378771956e-4,0.9862174578866768,0.9862174578866768
3,0.9999657166456848,0.9916113328012768,0.00123569733995638,0.9824561403508772,0.9832402234636872
4,0.9999638822715746,0.9915288461538462,0.00130181488456835,0.9808135072908672,0.9830769230769232
