fold_num,num_trees,min_data_in_leaf,learning_rate,precision,recall,log_loss,roc_auc
0,893,103,0.0085604419179908,0.9935794542536116,0.9943775100401606,0.00022650577407687088,0.9999924343155756
