fold_num,num_trees,min_data_in_leaf,learning_rate,precision,recall,log_loss,roc_auc
0,861,126,0.0140843821853872,0.9959871589085072,0.9967871485943776,0.00016331668439083713,0.9999945468621475
