fold_num,num_trees,min_data_in_leaf,learning_rate,precision,recall,log_loss,roc_auc
0,843,129,0.0125085495186257,0.9951845906902087,0.9959839357429718,0.00022219357632329633,0.9991929372106902
