fold_num,num_trees,min_data_in_leaf,learning_rate,precision,recall,log_loss,roc_auc
0,958,124,0.0100476095713998,0.9702194357366771,0.9943775100401606,0.00024166828255319872,0.9983875811680458
