fold_num,num_trees,min_data_in_leaf,learning_rate,precision,recall,log_loss,roc_auc
0,925,142,0.0127501796099802,0.9919871794871795,0.9943775100401606,0.0002872406988726118,0.9975876366510218
