fold_num,num_trees,min_data_in_leaf,learning_rate,precision,recall,log_loss,roc_auc
0,645,148,0.0129212335215636,0.9911788291900562,0.9927710843373494,0.00023914374900558744,0.9991903908001482
