fold_num,num_trees,min_data_in_leaf,learning_rate,precision,recall,log_loss,roc_auc
0,688,156,0.0128143254203203,0.9880191693290735,0.993574297188755,0.0003191111912412432,0.9975851344333155
