fold_num,num_trees,min_data_in_leaf,learning_rate,precision,recall,log_loss,roc_auc
0,890,159,0.0122672960888962,0.9935846030473136,0.9951807228915662,0.00021166031810307523,0.9991924597990357
