fold_num,num_trees,min_data_in_leaf,learning_rate,precision,recall,log_loss,roc_auc
0,610,158,0.012664292323914,0.991980753809142,0.993574297188755,0.00023406570973625402,0.9999907072466575
