fold_num,num_trees,min_data_in_leaf,learning_rate,precision,recall,log_loss,roc_auc
0,688,150,0.0121980413672754,0.9935846030473136,0.9951807228915662,0.00021225022264673027,0.9991923707682133
