fold_num,num_trees,min_data_in_leaf,learning_rate,precision,recall,log_loss,roc_auc
0,541,154,0.0127820873081445,0.9903691813804173,0.9911646586345382,0.0003000974842840316,0.9975866856986179
