fold_num,num_trees,min_data_in_leaf,learning_rate,precision,recall,log_loss,roc_auc
0,664,157,0.0120325600348044,0.552925413130862,0.9943775100401606,0.00022168684542681004,0.9991902688666311
