fold_num,num_trees,min_data_in_leaf,learning_rate,precision,recall,log_loss,roc_auc
0,770,154,0.0095631874052855,0.9967897271268058,0.9975903614457832,0.00020707190618027703,0.9991928359220013
