fold_num,num_trees,min_data_in_leaf,learning_rate,precision,recall,log_loss,roc_auc
0,668,155,0.0119296822218,0.9951845906902087,0.9959839357429718,0.00018366176104610887,0.9999946804083806
