fold_num,num_trees,min_data_in_leaf,learning_rate,precision,recall,log_loss,roc_auc
0,861,166,0.012041356668064,0.9903691813804173,0.9911646586345382,0.00031498454400120317,0.9967865340881598
