fold_num,num_trees,min_data_in_leaf,learning_rate,precision,recall,log_loss,roc_auc
0,696,162,0.0129816743602396,0.5538667858739383,0.9951807228915662,0.0002139944735860488,0.999192538184868
