fold_num,num_trees,min_data_in_leaf,learning_rate,precision,recall,log_loss,roc_auc
0,868,168,0.0140315522808111,0.9903769045709703,0.9919678714859438,0.0002984966753210522,0.9967881118046483
