fold_num,num_trees,min_data_in_leaf,learning_rate,precision,recall,log_loss,roc_auc
0,880,169,0.0129779583693683,0.9943820224719101,0.9951807228915662,0.00021372755510355097,0.9991892288834052
