fold_num,num_trees,min_data_in_leaf,learning_rate,precision,recall,log_loss,roc_auc
0,835,162,0.0127535863144522,0.9927826784282278,0.9943775100401606,0.0002691779830218011,0.9991920633538168
