fold_num,num_trees,min_data_in_leaf,learning_rate,precision,recall,log_loss,roc_auc
0,549,166,0.0137575084910673,0.9927826784282278,0.9943775100401606,0.00020983567556339582,0.999990585958291
