fold_num,num_trees,min_data_in_leaf,learning_rate,precision,recall,log_loss,roc_auc
0,858,169,0.0132762058955609,0.9935794542536116,0.9943775100401606,0.00019936463062729441,0.9999920875469752
