fold_num,num_trees,min_data_in_leaf,learning_rate,precision,recall,log_loss,roc_auc
0,798,161,0.012805643986978,0.9943865276663993,0.9959839357429718,0.00025667303297705226,0.9983899711294978
