fold_num,num_trees,min_data_in_leaf,learning_rate,precision,recall,log_loss,roc_auc
0,659,161,0.0130391154536565,0.9935846030473136,0.9951807228915662,0.00023625258208534488,0.9991914607828905
