fold_num,num_trees,min_data_in_leaf,learning_rate,precision,recall,log_loss,roc_auc
0,804,166,0.0123805860128092,0.9919743178170144,0.9927710843373494,0.0002704017974721977,0.9983844731536589
