fold_num,num_trees,min_data_in_leaf,learning_rate,precision,recall,log_loss,roc_auc
0,639,166,0.0117425192566633,0.9927826784282278,0.9943775100401606,0.00024457387756994547,0.9991905337010693
