fold_num,num_trees,min_data_in_leaf,learning_rate,precision,recall,log_loss,roc_auc
0,751,167,0.0135748163313565,0.5539149888143177,0.9943775100401606,0.00024255156412486613,0.9991903101562877
