fold_num,num_trees,min_data_in_leaf,learning_rate,precision,recall,log_loss,roc_auc
0,901,162,0.0111184468488896,0.991980753809142,0.993574297188755,0.000266164654196261,0.9983875627812456
