fold_num,num_trees,min_data_in_leaf,learning_rate,precision,recall,log_loss,roc_auc
0,580,162,0.0137300158848056,0.553020134228188,0.9927710843373494,0.0002407347640765629,0.999191592393671
