fold_num,num_trees,min_data_in_leaf,learning_rate,precision,recall,log_loss,roc_auc
0,664,174,0.0128561528627691,0.9943820224719101,0.9951807228915662,0.00021914515221852364,0.999191321752875
