fold_num,num_trees,min_data_in_leaf,learning_rate,precision,recall,log_loss,roc_auc
0,632,177,0.012811404066512,0.9903769045709703,0.9919678714859438,0.0003274050844107467,0.9983885917969066
