fold_num,num_trees,min_data_in_leaf,learning_rate,precision,recall,log_loss,roc_auc
0,615,176,0.0117483489580117,0.38337468982630274,0.9927710843373494,0.000247963319186801,0.9983867027951163
