fold_num,num_trees,min_data_in_leaf,learning_rate,precision,recall,log_loss,roc_auc
0,966,172,0.0113146313380611,0.9943865276663993,0.9959839357429718,0.00023882017080304802,0.9991919917420689
