fold_num,num_trees,min_data_in_leaf,learning_rate,precision,recall,log_loss,roc_auc
0,867,180,0.0140045001642131,0.5506470325747435,0.9911646586345382,0.0002448058532459328,0.9983858682924468
