fold_num,num_trees,min_data_in_leaf,learning_rate,precision,recall,log_loss,roc_auc
0,798,184,0.0107791680144032,0.9943865276663993,0.9959839357429718,0.00024987539749130283,0.9991910056289416
