fold_num,num_trees,min_data_in_leaf,learning_rate,precision,recall,log_loss,roc_auc
0,738,184,0.0121061504642718,0.9919743178170144,0.9927710843373494,0.0002849602339586999,0.9991931578522927
