fold_num,num_trees,min_data_in_leaf,learning_rate,precision,recall,log_loss,roc_auc
0,735,187,0.0108090088270125,0.9951845906902087,0.9959839357429718,0.00020517001098750446,0.9999928614054613
