fold_num,num_trees,min_data_in_leaf,learning_rate,precision,recall,log_loss,roc_auc
0,957,185,0.0128249887641602,0.9903769045709703,0.9919678714859438,0.00023288918185570748,0.9999900669344043
