fold_num,num_trees,min_data_in_leaf,learning_rate,precision,recall,log_loss,roc_auc
0,780,182,0.0129651111713953,0.9911788291900562,0.9927710843373494,0.00025532344026819187,0.9991866960210319
