fold_num,num_trees,min_data_in_leaf,learning_rate,precision,recall,log_loss,roc_auc
0,946,189,0.0137860469290072,0.9927826784282278,0.9943775100401606,0.0003027802208896204,0.9991895466202158
