fold_num,num_trees,min_data_in_leaf,learning_rate,precision,recall,log_loss,roc_auc
0,732,186,0.0128983157043805,0.9959871589085072,0.9967871485943776,0.00019286459567345956,0.9999936023612522
