fold_num,num_trees,min_data_in_leaf,learning_rate,precision,recall,log_loss,roc_auc
0,864,196,0.011682378076707,0.9895749799518845,0.9911646586345382,0.00024175329306647144,0.9999888659860325
