fold_num,num_trees,min_data_in_leaf,learning_rate,precision,recall,log_loss,roc_auc
0,951,197,0.0110849600822542,0.9935846030473136,0.9951807228915662,0.0002263636775990362,0.9991896362961887
