fold_num,num_trees,min_data_in_leaf,learning_rate,precision,recall,log_loss,roc_auc
0,983,196,0.0123912978598228,0.9903769045709703,0.9919678714859438,0.00032030534556975267,0.9967857089401784
