fold_num,num_trees,min_data_in_leaf,learning_rate,precision,recall,log_loss,roc_auc
0,815,196,0.0104325175315089,0.9943820224719101,0.9951807228915662,0.00024317665602490945,0.9983881172884308
