fold_num,num_trees,min_data_in_leaf,learning_rate,precision,recall,log_loss,roc_auc
0,975,193,0.0102398354278583,0.9619269619269619,0.9943775100401606,0.0002642626547816204,0.9983893101724167
