fold_num,num_trees,min_data_in_leaf,learning_rate,precision,recall,log_loss,roc_auc
0,966,196,0.0158571803050755,0.9951845906902087,0.9959839357429718,0.00024307768930896848,0.9991915778777761
