fold_num,num_trees,min_data_in_leaf,learning_rate,precision,recall,log_loss,roc_auc
0,884,196,0.0131305467718393,0.9903769045709703,0.9919678714859438,0.0002971257158312781,0.9983896098450025
