fold_num,num_trees,min_data_in_leaf,learning_rate,precision,recall,log_loss,roc_auc
0,969,196,0.0155620459166053,0.9903691813804173,0.9911646586345382,0.000348005269699432,0.997586165707005
