fold_num,num_trees,min_data_in_leaf,learning_rate,precision,recall,log_loss,roc_auc
1,893,103,0.0085604419179908,0.9937791601866252,0.9937791601866252,0.00022613430402927041,0.9984402399086708
