fold_num,num_trees,min_data_in_leaf,learning_rate,precision,recall,log_loss,roc_auc
1,843,129,0.0125085495186257,0.9953416149068323,0.9968895800933126,0.00031329876957519984,0.9976645608043555
