fold_num,num_trees,min_data_in_leaf,learning_rate,precision,recall,log_loss,roc_auc
1,958,124,0.0100476095713998,0.9914596273291926,0.9930015552099534,0.00026593480554507303,0.9984399998548793
