fold_num,num_trees,min_data_in_leaf,learning_rate,precision,recall,log_loss,roc_auc
1,861,126,0.0140843821853872,0.9899146625290923,0.9922239502332815,0.00028064597251387525,0.9976625436269044
