fold_num,num_trees,min_data_in_leaf,learning_rate,precision,recall,log_loss,roc_auc
1,925,142,0.0127501796099802,0.9937791601866252,0.9937791601866252,0.00024256223943514737,0.9999928534111824
