fold_num,num_trees,min_data_in_leaf,learning_rate,precision,recall,log_loss,roc_auc
1,645,148,0.0129212335215636,0.9930015552099534,0.9930015552099534,0.0002881541402553987,0.9984320185198172
