fold_num,num_trees,min_data_in_leaf,learning_rate,precision,recall,log_loss,roc_auc
1,688,150,0.0121980413672754,0.994556765163297,0.994556765163297,0.0002396313490174968,0.998439532445356
