fold_num,num_trees,min_data_in_leaf,learning_rate,precision,recall,log_loss,roc_auc
1,890,159,0.0122672960888962,0.994556765163297,0.994556765163297,0.0002892699679011445,0.9976637426865225
