fold_num,num_trees,min_data_in_leaf,learning_rate,precision,recall,log_loss,roc_auc
1,668,155,0.0119296822218,0.9937791601866252,0.9937791601866252,0.00030577178236977827,0.9984382928728817
