fold_num,num_trees,min_data_in_leaf,learning_rate,precision,recall,log_loss,roc_auc
1,541,154,0.0127820873081445,0.994556765163297,0.994556765163297,0.000309661379675836,0.9976682994758724
