fold_num,num_trees,min_data_in_leaf,learning_rate,precision,recall,log_loss,roc_auc
1,688,156,0.0128143254203203,0.9930015552099534,0.9930015552099534,0.00029887211617707674,0.9992217794697775
