fold_num,num_trees,min_data_in_leaf,learning_rate,precision,recall,log_loss,roc_auc
1,664,157,0.0120325600348044,0.995334370139969,0.995334370139969,0.0002484387534674681,0.9984404739157672
