fold_num,num_trees,min_data_in_leaf,learning_rate,precision,recall,log_loss,roc_auc
1,610,158,0.012664292323914,0.9937791601866252,0.9937791601866252,0.00027924901981527515,0.999212451233405
