fold_num,num_trees,min_data_in_leaf,learning_rate,precision,recall,log_loss,roc_auc
1,770,154,0.0095631874052855,0.994556765163297,0.994556765163297,0.0002619880305491683,0.998436777571115
