fold_num,num_trees,min_data_in_leaf,learning_rate,precision,recall,log_loss,roc_auc
1,861,166,0.012041356668064,0.9937791601866252,0.9937791601866252,0.00032787177380067304,0.99766247650859
