fold_num,num_trees,min_data_in_leaf,learning_rate,precision,recall,log_loss,roc_auc
1,858,169,0.0132762058955609,0.9961119751166407,0.9961119751166407,0.00021481045159859726,0.999216802435125
