fold_num,num_trees,min_data_in_leaf,learning_rate,precision,recall,log_loss,roc_auc
1,880,169,0.0129779583693683,0.994556765163297,0.994556765163297,0.00027060554697009345,0.9984411366335391
