fold_num,num_trees,min_data_in_leaf,learning_rate,precision,recall,log_loss,roc_auc
1,798,161,0.012805643986978,0.995334370139969,0.995334370139969,0.0002498022556908753,0.999217073327061
