fold_num,num_trees,min_data_in_leaf,learning_rate,precision,recall,log_loss,roc_auc
1,868,168,0.0140315522808111,0.994556765163297,0.994556765163297,0.00031259781674061,0.997662195941942
