fold_num,num_trees,min_data_in_leaf,learning_rate,precision,recall,log_loss,roc_auc
1,751,167,0.0135748163313565,0.9968895800933126,0.9968895800933126,0.00025586610180923877,0.9999936830177363
