fold_num,num_trees,min_data_in_leaf,learning_rate,precision,recall,log_loss,roc_auc
1,804,166,0.0123805860128092,0.9961119751166407,0.9961119751166407,0.00027416284321647537,0.9984404678690719
