fold_num,num_trees,min_data_in_leaf,learning_rate,precision,recall,log_loss,roc_auc
1,835,162,0.0127535863144522,0.9937791601866252,0.9937791601866252,0.00024940656400029675,0.9984396243551199
