fold_num,num_trees,min_data_in_leaf,learning_rate,precision,recall,log_loss,roc_auc
1,901,162,0.0111184468488896,0.994556765163297,0.994556765163297,0.00029353355228842106,0.9968888889560744
