fold_num,num_trees,min_data_in_leaf,learning_rate,precision,recall,log_loss,roc_auc
1,580,162,0.0137300158848056,0.994556765163297,0.994556765163297,0.0002928406836470456,0.9976625635809979
