fold_num,num_trees,min_data_in_leaf,learning_rate,precision,recall,log_loss,roc_auc
1,639,166,0.0117425192566633,0.9945609945609946,0.995334370139969,0.00025627995183393745,0.9992124252326162
