fold_num,num_trees,min_data_in_leaf,learning_rate,precision,recall,log_loss,roc_auc
1,659,161,0.0130391154536565,0.9937791601866252,0.9937791601866252,0.0002689522188198885,0.9976644640572355
