fold_num,num_trees,min_data_in_leaf,learning_rate,precision,recall,log_loss,roc_auc
1,696,162,0.0129816743602396,0.9930015552099534,0.9930015552099534,0.0002980033353889249,0.9976611704224705
