fold_num,num_trees,min_data_in_leaf,learning_rate,precision,recall,log_loss,roc_auc
1,549,166,0.0137575084910673,0.995334370139969,0.995334370139969,0.0002482728382060247,0.9992170101390982
