fold_num,num_trees,min_data_in_leaf,learning_rate,precision,recall,log_loss,roc_auc
1,615,176,0.0117483489580117,0.995334370139969,0.995334370139969,0.00021855937065105188,0.9999911639646003
