fold_num,num_trees,min_data_in_leaf,learning_rate,precision,recall,log_loss,roc_auc
1,632,177,0.012811404066512,0.994556765163297,0.994556765163297,0.0002569868130544527,0.9992137455284689
