fold_num,num_trees,min_data_in_leaf,learning_rate,precision,recall,log_loss,roc_auc
1,664,174,0.0128561528627691,0.9937791601866252,0.9937791601866252,0.00032546194714145026,0.9969100472488748
