fold_num,num_trees,min_data_in_leaf,learning_rate,precision,recall,log_loss,roc_auc
1,966,172,0.0113146313380611,0.9937791601866252,0.9937791601866252,0.00030038878690587137,0.99766499072437
