fold_num,num_trees,min_data_in_leaf,learning_rate,precision,recall,log_loss,roc_auc
1,867,180,0.0140045001642131,0.994556765163297,0.994556765163297,0.00022275456802319917,0.9992181635461689
