fold_num,num_trees,min_data_in_leaf,learning_rate,precision,recall,log_loss,roc_auc
1,946,189,0.0137860469290072,0.9961119751166407,0.9961119751166407,0.00027449246967259144,0.9984408427641621
