fold_num,num_trees,min_data_in_leaf,learning_rate,precision,recall,log_loss,roc_auc
1,735,187,0.0108090088270125,0.994556765163297,0.994556765163297,0.00025545180051028335,0.9992132506064834
