fold_num,num_trees,min_data_in_leaf,learning_rate,precision,recall,log_loss,roc_auc
1,798,184,0.0107791680144032,0.994556765163297,0.994556765163297,0.00028095060428011393,0.9984372195845196
