fold_num,num_trees,min_data_in_leaf,learning_rate,precision,recall,log_loss,roc_auc
1,732,186,0.0128983157043805,0.9922239502332815,0.9922239502332815,0.00023117924672093825,0.9999906493908559
