fold_num,num_trees,min_data_in_leaf,learning_rate,precision,recall,log_loss,roc_auc
1,957,185,0.0128249887641602,0.9922239502332815,0.9922239502332815,0.0003016428820344958,0.9976606736864764
