fold_num,num_trees,min_data_in_leaf,learning_rate,precision,recall,log_loss,roc_auc
1,780,182,0.0129651111713953,0.994556765163297,0.994556765163297,0.0002701416517707111,0.9976645317802196
