fold_num,num_trees,min_data_in_leaf,learning_rate,precision,recall,log_loss,roc_auc
1,738,184,0.0121061504642718,0.994556765163297,0.994556765163297,0.0002263898941785074,0.9999930493241004
