fold_num,num_trees,min_data_in_leaf,learning_rate,precision,recall,log_loss,roc_auc
1,864,196,0.011682378076707,0.995334370139969,0.995334370139969,0.00023020606540410544,0.9992143414302609
