fold_num,num_trees,min_data_in_leaf,learning_rate,precision,recall,log_loss,roc_auc
1,975,193,0.0102398354278583,0.9968895800933126,0.9968895800933126,0.00022298123514917145,0.9992169608585342
