fold_num,num_trees,min_data_in_leaf,learning_rate,precision,recall,log_loss,roc_auc
1,951,197,0.0110849600822542,0.994556765163297,0.994556765163297,0.00027792642737254405,0.998439553004119
