fold_num,num_trees,min_data_in_leaf,learning_rate,precision,recall,log_loss,roc_auc
1,815,196,0.0104325175315089,0.995334370139969,0.995334370139969,0.00021248833921639216,0.9999935215709798
