fold_num,num_trees,min_data_in_leaf,learning_rate,precision,recall,log_loss,roc_auc
1,966,196,0.0158571803050755,0.9937839937839937,0.994556765163297,0.00024872002135547047,0.999217347847014
