fold_num,num_trees,min_data_in_leaf,learning_rate,precision,recall,log_loss,roc_auc
1,884,196,0.0131305467718393,0.9937791601866252,0.9937791601866252,0.0003022508265043884,0.9976664776066698
