fold_num,num_trees,min_data_in_leaf,learning_rate,precision,recall,log_loss,roc_auc
1,983,196,0.0123912978598228,0.9961119751166407,0.9961119751166407,0.00023745109751676478,0.9999937084138552
