fold_num,num_trees,min_data_in_leaf,learning_rate,precision,recall,log_loss,roc_auc
1,969,196,0.0155620459166053,0.9937791601866252,0.9937791601866252,0.00025387539047909484,0.9992169638818815
