fold_num,num_trees,min_data_in_leaf,learning_rate,precision,recall,log_loss,roc_auc
2,893,103,0.0085604419179908,0.9938650306748467,0.9938650306748467,0.00017731580617696453,0.9999959412873084
