fold_num,num_trees,min_data_in_leaf,learning_rate,precision,recall,log_loss,roc_auc
2,861,126,0.0140843821853872,0.9923312883435583,0.9923312883435583,0.00023442112199991645,0.9999941758369716
