fold_num,num_trees,min_data_in_leaf,learning_rate,precision,recall,log_loss,roc_auc
2,843,129,0.0125085495186257,0.9930981595092024,0.9930981595092024,0.00023252474348132394,0.9992290177815312
