fold_num,num_trees,min_data_in_leaf,learning_rate,precision,recall,log_loss,roc_auc
2,958,124,0.0100476095713998,0.9930981595092024,0.9930981595092024,0.00020568642923352156,0.9999958683639768
