fold_num,num_trees,min_data_in_leaf,learning_rate,precision,recall,log_loss,roc_auc
2,645,148,0.0129212335215636,0.9915644171779141,0.9915644171779141,0.00018862450654745999,0.9999951985278897
