fold_num,num_trees,min_data_in_leaf,learning_rate,precision,recall,log_loss,roc_auc
2,925,142,0.0127501796099802,0.9938650306748467,0.9938650306748467,0.00021679250157029226,0.9999943822570477
