fold_num,num_trees,min_data_in_leaf,learning_rate,precision,recall,log_loss,roc_auc
2,688,150,0.0121980413672754,0.9923312883435583,0.9923312883435583,0.0002451152849430359,0.9992288825205126
