fold_num,num_trees,min_data_in_leaf,learning_rate,precision,recall,log_loss,roc_auc
2,688,156,0.0128143254203203,0.9915644171779141,0.9915644171779141,0.00023636966897196403,0.9992289031037109
