fold_num,num_trees,min_data_in_leaf,learning_rate,precision,recall,log_loss,roc_auc
2,664,157,0.0120325600348044,0.9923312883435583,0.9923312883435583,0.00022207295567778598,0.9999944428304602
