fold_num,num_trees,min_data_in_leaf,learning_rate,precision,recall,log_loss,roc_auc
2,770,154,0.0095631874052855,0.9915644171779141,0.9915644171779141,0.00021289838738024864,0.9992291424569044
