fold_num,num_trees,min_data_in_leaf,learning_rate,precision,recall,log_loss,roc_auc
2,890,159,0.0122672960888962,0.9915644171779141,0.9915644171779141,0.0002173584709263199,0.9992303027612066
