fold_num,num_trees,min_data_in_leaf,learning_rate,precision,recall,log_loss,roc_auc
2,541,154,0.0127820873081445,0.9915644171779141,0.9915644171779141,0.00027649922477907977,0.9992270888417889
