fold_num,num_trees,min_data_in_leaf,learning_rate,precision,recall,log_loss,roc_auc
2,610,158,0.012664292323914,0.9900306748466258,0.9900306748466258,0.00024433979523231033,0.9992281597562008
