fold_num,num_trees,min_data_in_leaf,learning_rate,precision,recall,log_loss,roc_auc
2,668,155,0.0119296822218,0.9892638036809815,0.9892638036809815,0.00024245110220053677,0.9984617420090143
