fold_num,num_trees,min_data_in_leaf,learning_rate,precision,recall,log_loss,roc_auc
2,696,162,0.0129816743602396,0.9923312883435583,0.9923312883435583,0.00020698847291162549,0.9999949250653958
