fold_num,num_trees,min_data_in_leaf,learning_rate,precision,recall,log_loss,roc_auc
2,798,161,0.012805643986978,0.9938650306748467,0.9938650306748467,0.0002498568606958168,0.9992275651958111
