fold_num,num_trees,min_data_in_leaf,learning_rate,precision,recall,log_loss,roc_auc
2,901,162,0.0111184468488896,0.99079754601227,0.99079754601227,0.00025281396091379673,0.9992280950661484
