fold_num,num_trees,min_data_in_leaf,learning_rate,precision,recall,log_loss,roc_auc
2,639,166,0.0117425192566633,0.9923312883435583,0.9923312883435583,0.0002786183823124957,0.9992265930807522
