fold_num,num_trees,min_data_in_leaf,learning_rate,precision,recall,log_loss,roc_auc
2,549,166,0.0137575084910673,0.9817905918057663,0.9923312883435583,0.00027661614125576385,0.9992269035930031
