fold_num,num_trees,min_data_in_leaf,learning_rate,precision,recall,log_loss,roc_auc
2,835,162,0.0127535863144522,0.9923312883435583,0.9923312883435583,0.00019202186132014686,0.9999953102652529
