fold_num,num_trees,min_data_in_leaf,learning_rate,precision,recall,log_loss,roc_auc
2,751,167,0.0135748163313565,0.9923312883435583,0.9923312883435583,0.0002948848498502821,0.9992275234413226
