fold_num,num_trees,min_data_in_leaf,learning_rate,precision,recall,log_loss,roc_auc
2,868,168,0.0140315522808111,0.9938650306748467,0.9938650306748467,0.00019468345606077461,0.9999952790964094
