fold_num,num_trees,min_data_in_leaf,learning_rate,precision,recall,log_loss,roc_auc
2,580,162,0.0137300158848056,0.9900306748466258,0.9900306748466258,0.00022967945768728956,0.9999947068834921
