fold_num,num_trees,min_data_in_leaf,learning_rate,precision,recall,log_loss,roc_auc
2,858,169,0.0132762058955609,0.9915644171779141,0.9915644171779141,0.0002138615890411411,0.9992292400800744
