fold_num,num_trees,min_data_in_leaf,learning_rate,precision,recall,log_loss,roc_auc
2,804,166,0.0123805860128092,0.9938650306748467,0.9938650306748467,0.00021806001789407493,0.9999951391306598
