fold_num,num_trees,min_data_in_leaf,learning_rate,precision,recall,log_loss,roc_auc
2,880,169,0.0129779583693683,0.9930981595092024,0.9930981595092024,0.0002347492661033776,0.9984625982700703
