fold_num,num_trees,min_data_in_leaf,learning_rate,precision,recall,log_loss,roc_auc
2,659,161,0.0130391154536565,0.9915644171779141,0.9915644171779141,0.00019327418248723144,0.9999953343769993
