fold_num,num_trees,min_data_in_leaf,learning_rate,precision,recall,log_loss,roc_auc
2,861,166,0.012041356668064,0.9915644171779141,0.9915644171779141,0.0002637689936068826,0.9984626353198274
