fold_num,num_trees,min_data_in_leaf,learning_rate,precision,recall,log_loss,roc_auc
2,664,174,0.0128561528627691,0.9915644171779141,0.9915644171779141,0.00025219451564890906,0.9999933913230644
