fold_num,num_trees,min_data_in_leaf,learning_rate,precision,recall,log_loss,roc_auc
2,632,177,0.012811404066512,0.989272030651341,0.9900306748466258,0.0003057937034346107,0.9976948755481011
