fold_num,num_trees,min_data_in_leaf,learning_rate,precision,recall,log_loss,roc_auc
2,615,176,0.0117483489580117,0.9915644171779141,0.9915644171779141,0.00023458029307212597,0.9999938423891565
