fold_num,num_trees,min_data_in_leaf,learning_rate,precision,recall,log_loss,roc_auc
2,966,172,0.0113146313380611,0.9930981595092024,0.9930981595092024,0.00028040953945475606,0.9992267665677107
