fold_num,num_trees,min_data_in_leaf,learning_rate,precision,recall,log_loss,roc_auc
2,732,186,0.0128983157043805,0.9915644171779141,0.9915644171779141,0.0003001888459086803,0.9992276322382286
