fold_num,num_trees,min_data_in_leaf,learning_rate,precision,recall,log_loss,roc_auc
2,946,189,0.0137860469290072,0.9938650306748467,0.9938650306748467,0.0002485330544791885,0.9992288001877186
