fold_num,num_trees,min_data_in_leaf,learning_rate,precision,recall,log_loss,roc_auc
2,798,184,0.0107791680144032,0.9923312883435583,0.9923312883435583,0.000273068034919222,0.9999941993606272
