fold_num,num_trees,min_data_in_leaf,learning_rate,precision,recall,log_loss,roc_auc
2,957,185,0.0128249887641602,0.9938650306748467,0.9938650306748467,0.00024585344187294945,0.9992288101852722
