fold_num,num_trees,min_data_in_leaf,learning_rate,precision,recall,log_loss,roc_auc
2,867,180,0.0140045001642131,0.9938650306748467,0.9938650306748467,0.0002261958219452191,0.9999943352097369
