fold_num,num_trees,min_data_in_leaf,learning_rate,precision,recall,log_loss,roc_auc
2,780,182,0.0129651111713953,0.9923312883435583,0.9923312883435583,0.00020349890657341064,0.9999951855898791
