fold_num,num_trees,min_data_in_leaf,learning_rate,precision,recall,log_loss,roc_auc
2,738,184,0.0121061504642718,0.9915644171779141,0.9915644171779141,0.00022571601396665175,0.9992284196925927
