fold_num,num_trees,min_data_in_leaf,learning_rate,precision,recall,log_loss,roc_auc
2,815,196,0.0104325175315089,0.9930981595092024,0.9930981595092024,0.00023360654765578408,0.9999935477553727
