fold_num,num_trees,min_data_in_leaf,learning_rate,precision,recall,log_loss,roc_auc
2,864,196,0.011682378076707,0.99079754601227,0.99079754601227,0.00023588514142551642,0.9992271682341262
