fold_num,num_trees,min_data_in_leaf,learning_rate,precision,recall,log_loss,roc_auc
2,966,196,0.0158571803050755,0.9946319018404908,0.9946319018404908,0.00021563779833041541,0.9992292612513644
