fold_num,num_trees,min_data_in_leaf,learning_rate,precision,recall,log_loss,roc_auc
2,975,193,0.0102398354278583,0.99079754601227,0.99079754601227,0.0002246517665992084,0.9992304403745905
