fold_num,num_trees,min_data_in_leaf,learning_rate,precision,recall,log_loss,roc_auc
2,969,196,0.0155620459166053,0.9930981595092024,0.9930981595092024,0.00021700711776898268,0.999229321824777
