fold_num,num_trees,min_data_in_leaf,learning_rate,precision,recall,log_loss,roc_auc
2,951,197,0.0110849600822542,0.9930981595092024,0.9930981595092024,0.0003228084326213109,0.9999928302838834
