fold_num,num_trees,min_data_in_leaf,learning_rate,precision,recall,log_loss,roc_auc
2,884,196,0.0131305467718393,0.9915644171779141,0.9915644171779141,0.0002808931155895933,0.9992268883026271
