fold_num,num_trees,min_data_in_leaf,learning_rate,precision,recall,log_loss,roc_auc
2,983,196,0.0123912978598228,0.9930981595092024,0.9930981595092024,0.00019627534437411775,0.9999956201894125
