fold_num,num_trees,min_data_in_leaf,learning_rate,precision,recall,log_loss,roc_auc
3,893,103,0.0085604419179908,0.9934426229508196,0.9950738916256158,0.00023448636522467782,0.9995856676400247
