fold_num,num_trees,min_data_in_leaf,learning_rate,precision,recall,log_loss,roc_auc
3,958,124,0.0100476095713998,0.9942528735632183,0.9942528735632183,0.0002707817771752831,0.999587346075965
