fold_num,num_trees,min_data_in_leaf,learning_rate,precision,recall,log_loss,roc_auc
3,861,126,0.0140843821853872,0.992616899097621,0.993431855500821,0.00025143438192616553,0.9987642690647405
