fold_num,num_trees,min_data_in_leaf,learning_rate,precision,recall,log_loss,roc_auc
3,843,129,0.0125085495186257,0.9926108374384236,0.9926108374384236,0.0003375726014675333,0.9987685541319187
