fold_num,num_trees,min_data_in_leaf,learning_rate,precision,recall,log_loss,roc_auc
3,645,148,0.0129212335215636,0.9950738916256158,0.9950738916256158,0.0002779980658825595,0.9995833663627953
