fold_num,num_trees,min_data_in_leaf,learning_rate,precision,recall,log_loss,roc_auc
3,925,142,0.0127501796099802,0.9909688013136289,0.9909688013136289,0.0003109699018913995,0.9987654712697606
