fold_num,num_trees,min_data_in_leaf,learning_rate,precision,recall,log_loss,roc_auc
3,890,159,0.0122672960888962,0.9926108374384236,0.9926108374384236,0.00028281915018225906,0.9995867889565655
