fold_num,num_trees,min_data_in_leaf,learning_rate,precision,recall,log_loss,roc_auc
3,610,158,0.012664292323914,0.9918032786885246,0.993431855500821,0.0002698776302068488,0.9995817054526924
