fold_num,num_trees,min_data_in_leaf,learning_rate,precision,recall,log_loss,roc_auc
3,541,154,0.0127820873081445,0.9926108374384236,0.9926108374384236,0.0002285278052935642,0.9995851893868922
