fold_num,num_trees,min_data_in_leaf,learning_rate,precision,recall,log_loss,roc_auc
3,688,150,0.0121980413672754,0.9950738916256158,0.9950738916256158,0.00029236642723668425,0.9995865543799763
