fold_num,num_trees,min_data_in_leaf,learning_rate,precision,recall,log_loss,roc_auc
3,688,156,0.0128143254203203,0.9926108374384236,0.9926108374384236,0.00029625932805515747,0.998765778645981
