fold_num,num_trees,min_data_in_leaf,learning_rate,precision,recall,log_loss,roc_auc
3,668,155,0.0119296822218,0.9909688013136289,0.9909688013136289,0.0003231542539147987,0.9979453692693886
