fold_num,num_trees,min_data_in_leaf,learning_rate,precision,recall,log_loss,roc_auc
3,770,154,0.0095631874052855,0.9942528735632183,0.9942528735632183,0.00022189027803973593,0.9995847003486292
