fold_num,num_trees,min_data_in_leaf,learning_rate,precision,recall,log_loss,roc_auc
3,664,157,0.0120325600348044,0.9967159277504105,0.9967159277504105,0.00025186772849981594,0.9987702251530816
