fold_num,num_trees,min_data_in_leaf,learning_rate,precision,recall,log_loss,roc_auc
3,880,169,0.0129779583693683,0.9942528735632183,0.9942528735632183,0.0003152130824682351,0.9987705476958916
