fold_num,num_trees,min_data_in_leaf,learning_rate,precision,recall,log_loss,roc_auc
3,858,169,0.0132762058955609,0.993431855500821,0.993431855500821,0.0002686522920290796,0.999580909038209
