fold_num,num_trees,min_data_in_leaf,learning_rate,precision,recall,log_loss,roc_auc
3,804,166,0.0123805860128092,0.9958949096880131,0.9958949096880131,0.00024393292508720563,0.9995858745797167
