fold_num,num_trees,min_data_in_leaf,learning_rate,precision,recall,log_loss,roc_auc
3,835,162,0.0127535863144522,0.9950738916256158,0.9950738916256158,0.0003172015413675228,0.9987695517564935
