fold_num,num_trees,min_data_in_leaf,learning_rate,precision,recall,log_loss,roc_auc
3,751,167,0.0135748163313565,0.9917898193760263,0.9917898193760263,0.00032004448260775743,0.9987374113934119
