fold_num,num_trees,min_data_in_leaf,learning_rate,precision,recall,log_loss,roc_auc
3,798,161,0.012805643986978,0.9958949096880131,0.9958949096880131,0.00029533519427091135,0.9987649397650462
