fold_num,num_trees,min_data_in_leaf,learning_rate,precision,recall,log_loss,roc_auc
3,659,161,0.0130391154536565,0.9942528735632183,0.9942528735632183,0.0003195990039109421,0.9987838498062723
