fold_num,num_trees,min_data_in_leaf,learning_rate,precision,recall,log_loss,roc_auc
3,696,162,0.0129816743602396,0.9942528735632183,0.9942528735632183,0.0002419982017302616,0.9995893328992318
