fold_num,num_trees,min_data_in_leaf,learning_rate,precision,recall,log_loss,roc_auc
3,901,162,0.0111184468488896,0.9934372436423298,0.9942528735632183,0.0003124430413641593,0.9987693623426382
