fold_num,num_trees,min_data_in_leaf,learning_rate,precision,recall,log_loss,roc_auc
3,861,166,0.012041356668064,0.9950738916256158,0.9950738916256158,0.0003112926566148731,0.9987651039012514
