fold_num,num_trees,min_data_in_leaf,learning_rate,precision,recall,log_loss,roc_auc
3,639,166,0.0117425192566633,0.9942528735632183,0.9942528735632183,0.0002726857884947409,0.999586233859378
