fold_num,num_trees,min_data_in_leaf,learning_rate,precision,recall,log_loss,roc_auc
3,868,168,0.0140315522808111,0.9942528735632183,0.9942528735632183,0.00028450483631023443,0.998771935270343
