fold_num,num_trees,min_data_in_leaf,learning_rate,precision,recall,log_loss,roc_auc
3,580,162,0.0137300158848056,0.9942528735632183,0.9942528735632183,0.00031931960097963757,0.9979232712109815
