fold_num,num_trees,min_data_in_leaf,learning_rate,precision,recall,log_loss,roc_auc
3,549,166,0.0137575084910673,0.993431855500821,0.993431855500821,0.00029489947976877516,0.9979482455288894
