fold_num,num_trees,min_data_in_leaf,learning_rate,precision,recall,log_loss,roc_auc
3,664,174,0.0128561528627691,0.9950738916256158,0.9950738916256158,0.00024582486484376335,0.9996011749725654
