fold_num,num_trees,min_data_in_leaf,learning_rate,precision,recall,log_loss,roc_auc
3,966,172,0.0113146313380611,0.9950738916256158,0.9950738916256158,0.00027069351562325803,0.9995877198481452
