fold_num,num_trees,min_data_in_leaf,learning_rate,precision,recall,log_loss,roc_auc
3,615,176,0.0117483489580117,0.9958949096880131,0.9958949096880131,0.00022592404398760464,0.999581773870864
