fold_num,num_trees,min_data_in_leaf,learning_rate,precision,recall,log_loss,roc_auc
3,632,177,0.012811404066512,0.9942528735632183,0.9942528735632183,0.0002693155703797673,0.9995847873037442
