fold_num,num_trees,min_data_in_leaf,learning_rate,precision,recall,log_loss,roc_auc
3,957,185,0.0128249887641602,0.9926108374384236,0.9926108374384236,0.0002469038859958468,0.999578215114821
