fold_num,num_trees,min_data_in_leaf,learning_rate,precision,recall,log_loss,roc_auc
3,735,187,0.0108090088270125,0.9909688013136289,0.9909688013136289,0.0003397544361231405,0.999587439097716
