fold_num,num_trees,min_data_in_leaf,learning_rate,precision,recall,log_loss,roc_auc
3,738,184,0.0121061504642718,0.9942528735632183,0.9942528735632183,0.00024177682598332798,0.9995757122904653
