fold_num,num_trees,min_data_in_leaf,learning_rate,precision,recall,log_loss,roc_auc
3,946,189,0.0137860469290072,0.9950738916256158,0.9950738916256158,0.0002623839807150403,0.9995851630981365
