fold_num,num_trees,min_data_in_leaf,learning_rate,precision,recall,log_loss,roc_auc
3,780,182,0.0129651111713953,0.9942528735632183,0.9942528735632183,0.0003266808902670223,0.998770168194111
