fold_num,num_trees,min_data_in_leaf,learning_rate,precision,recall,log_loss,roc_auc
3,732,186,0.0128983157043805,0.9942528735632183,0.9942528735632183,0.00022276195570355422,0.9995837482238238
