fold_num,num_trees,min_data_in_leaf,learning_rate,precision,recall,log_loss,roc_auc
3,798,184,0.0107791680144032,0.9942528735632183,0.9942528735632183,0.0002181984994812741,0.9995861303895317
