fold_num,num_trees,min_data_in_leaf,learning_rate,precision,recall,log_loss,roc_auc
3,867,180,0.0140045001642131,0.993431855500821,0.993431855500821,0.00029251252357130847,0.999578634386771
