fold_num,num_trees,min_data_in_leaf,learning_rate,precision,recall,log_loss,roc_auc
3,969,196,0.0155620459166053,0.9926108374384236,0.9926108374384236,0.000275372748606345,0.9995937635656719
