fold_num,num_trees,min_data_in_leaf,learning_rate,precision,recall,log_loss,roc_auc
3,864,196,0.011682378076707,0.9967159277504105,0.9967159277504105,0.0002395977526789375,0.9995822902089888
