fold_num,num_trees,min_data_in_leaf,learning_rate,precision,recall,log_loss,roc_auc
3,983,196,0.0123912978598228,0.993431855500821,0.993431855500821,0.0002905968370159829,0.998767667729002
