fold_num,num_trees,min_data_in_leaf,learning_rate,precision,recall,log_loss,roc_auc
3,966,196,0.0158571803050755,0.9950738916256158,0.9950738916256158,0.0002916673898117356,0.997947235096972
