fold_num,num_trees,min_data_in_leaf,learning_rate,precision,recall,log_loss,roc_auc
3,815,196,0.0104325175315089,0.993431855500821,0.993431855500821,0.0002592952018155263,0.9996011999131797
