fold_num,num_trees,min_data_in_leaf,learning_rate,precision,recall,log_loss,roc_auc
3,975,193,0.0102398354278583,0.9950738916256158,0.9950738916256158,0.00028938669004189,0.998768235633532
