fold_num,num_trees,min_data_in_leaf,learning_rate,precision,recall,log_loss,roc_auc
3,951,197,0.0110849600822542,0.9942528735632183,0.9942528735632183,0.0002476818120332662,0.9995916287838957
