fold_num,num_trees,min_data_in_leaf,learning_rate,precision,recall,log_loss,roc_auc
3,884,196,0.0131305467718393,0.9967159277504105,0.9967159277504105,0.0002455820987002062,0.9995775653107061
