fold_num,num_trees,min_data_in_leaf,learning_rate,precision,recall,log_loss,roc_auc
4,893,103,0.0085604419179908,0.993916349809886,0.993916349809886,0.00023138900058620497,0.9992360947823445
