fold_num,num_trees,min_data_in_leaf,learning_rate,precision,recall,log_loss,roc_auc
4,861,126,0.0140843821853872,0.993916349809886,0.993916349809886,0.00016979526155511888,0.9999959270771588
