fold_num,num_trees,min_data_in_leaf,learning_rate,precision,recall,log_loss,roc_auc
4,843,129,0.0125085495186257,0.9954372623574145,0.9954372623574145,0.000218196577448069,0.9984787445242809
