fold_num,num_trees,min_data_in_leaf,learning_rate,precision,recall,log_loss,roc_auc
4,958,124,0.0100476095713998,0.9962006079027356,0.996958174904943,0.0001705441553912038,0.9999949127499314
