fold_num,num_trees,min_data_in_leaf,learning_rate,precision,recall,log_loss,roc_auc
4,925,142,0.0127501796099802,0.9946808510638298,0.9954372623574145,0.00018166594074946074,0.9999942008703322
