fold_num,num_trees,min_data_in_leaf,learning_rate,precision,recall,log_loss,roc_auc
4,645,148,0.0129212335215636,0.9954407294832827,0.9961977186311787,0.00023110654138447777,0.9992365209848342
