fold_num,num_trees,min_data_in_leaf,learning_rate,precision,recall,log_loss,roc_auc
4,610,158,0.012664292323914,0.993920972644377,0.9946768060836502,0.00021319254468229963,0.9999947537191516
