fold_num,num_trees,min_data_in_leaf,learning_rate,precision,recall,log_loss,roc_auc
4,541,154,0.0127820873081445,0.9908814589665653,0.9916349809885932,0.00025879182610852503,0.9984753441570646
