fold_num,num_trees,min_data_in_leaf,learning_rate,precision,recall,log_loss,roc_auc
4,664,157,0.0120325600348044,0.9962006079027356,0.996958174904943,0.00021353305391416801,0.999994280096575
