fold_num,num_trees,min_data_in_leaf,learning_rate,precision,recall,log_loss,roc_auc
4,688,156,0.0128143254203203,0.9931558935361217,0.9931558935361217,0.00020777004635524874,0.9992346415301651
