fold_num,num_trees,min_data_in_leaf,learning_rate,precision,recall,log_loss,roc_auc
4,770,154,0.0095631874052855,0.9984790874524715,0.9984790874524715,0.00019201167442413616,0.9999934106319305
