fold_num,num_trees,min_data_in_leaf,learning_rate,precision,recall,log_loss,roc_auc
4,890,159,0.0122672960888962,0.9954407294832827,0.9961977186311787,0.00023102775285703515,0.9999950729372985
