fold_num,num_trees,min_data_in_leaf,learning_rate,precision,recall,log_loss,roc_auc
4,688,150,0.0121980413672754,0.9954407294832827,0.9961977186311787,0.00023088106453000832,0.9984759571484334
