fold_num,num_trees,min_data_in_leaf,learning_rate,precision,recall,log_loss,roc_auc
4,668,155,0.0119296822218,0.9954372623574145,0.9954372623574145,0.0001888202370229311,0.9999943471786493
