fold_num,num_trees,min_data_in_leaf,learning_rate,precision,recall,log_loss,roc_auc
4,880,169,0.0129779583693683,0.9977186311787072,0.9977186311787072,0.000179973851490754,0.9999950512512831
