fold_num,num_trees,min_data_in_leaf,learning_rate,precision,recall,log_loss,roc_auc
4,751,167,0.0135748163313565,0.996958174904943,0.996958174904943,0.00021416206065214243,0.9996128450606485
