fold_num,num_trees,min_data_in_leaf,learning_rate,precision,recall,log_loss,roc_auc
4,798,161,0.012805643986978,0.996958174904943,0.996958174904943,0.00023291268613413586,0.9992344744032732
