fold_num,num_trees,min_data_in_leaf,learning_rate,precision,recall,log_loss,roc_auc
4,580,162,0.0137300158848056,0.9923954372623575,0.9923954372623575,0.00021621135283635083,0.9992338249793983
