fold_num,num_trees,min_data_in_leaf,learning_rate,precision,recall,log_loss,roc_auc
4,835,162,0.0127535863144522,0.9961977186311787,0.9961977186311787,0.00021490389574672675,0.9992361364194943
