fold_num,num_trees,min_data_in_leaf,learning_rate,precision,recall,log_loss,roc_auc
4,858,169,0.0132762058955609,0.9954407294832827,0.9961977186311787,0.00024133499289439507,0.9992329014442887
