fold_num,num_trees,min_data_in_leaf,learning_rate,precision,recall,log_loss,roc_auc
4,868,168,0.0140315522808111,0.9961977186311787,0.9961977186311787,0.00020181253133592857,0.9992358177796412
