fold_num,num_trees,min_data_in_leaf,learning_rate,precision,recall,log_loss,roc_auc
4,549,166,0.0137575084910673,0.9797904191616766,0.9954372623574145,0.00024153366779295312,0.998851756422675
