fold_num,num_trees,min_data_in_leaf,learning_rate,precision,recall,log_loss,roc_auc
4,696,162,0.0129816743602396,0.9977186311787072,0.9977186311787072,0.0002064476829988044,0.9992367222310572
