fold_num,num_trees,min_data_in_leaf,learning_rate,precision,recall,log_loss,roc_auc
4,804,166,0.0123805860128092,0.993920972644377,0.9946768060836502,0.00025963548515219145,0.9977170449189666
