fold_num,num_trees,min_data_in_leaf,learning_rate,precision,recall,log_loss,roc_auc
4,659,161,0.0130391154536565,0.993920972644377,0.9946768060836502,0.0002894150079655158,0.9977152192456157
