fold_num,num_trees,min_data_in_leaf,learning_rate,precision,recall,log_loss,roc_auc
4,639,166,0.0117425192566633,0.9977186311787072,0.9977186311787072,0.0002093008576244686,0.9992354063236419
