fold_num,num_trees,min_data_in_leaf,learning_rate,precision,recall,log_loss,roc_auc
4,861,166,0.012041356668064,0.996958174904943,0.996958174904943,0.00019569628105901648,0.9999934143908397
