fold_num,num_trees,min_data_in_leaf,learning_rate,precision,recall,log_loss,roc_auc
4,901,162,0.0111184468488896,0.9954372623574145,0.9954372623574145,0.0002628261100069328,0.9988461836950077
