fold_num,num_trees,min_data_in_leaf,learning_rate,precision,recall,log_loss,roc_auc
4,632,177,0.012811404066512,0.996958174904943,0.996958174904943,0.00026066798246251484,0.9992323607396376
