fold_num,num_trees,min_data_in_leaf,learning_rate,precision,recall,log_loss,roc_auc
4,615,176,0.0117483489580117,0.9954372623574145,0.9954372623574145,0.00019382559175262383,0.9999941771602886
