fold_num,num_trees,min_data_in_leaf,learning_rate,precision,recall,log_loss,roc_auc
4,664,174,0.0128561528627691,0.9954372623574145,0.9954372623574145,0.0002436479667965291,0.9984743032283249
