fold_num,num_trees,min_data_in_leaf,learning_rate,precision,recall,log_loss,roc_auc
4,966,172,0.0113146313380611,0.9946768060836502,0.9946768060836502,0.0002075087820553351,0.9999948179097573
