fold_num,num_trees,min_data_in_leaf,learning_rate,precision,recall,log_loss,roc_auc
4,867,180,0.0140045001642131,0.993916349809886,0.993916349809886,0.0002419548160942127,0.9984730489091934
