fold_num,num_trees,min_data_in_leaf,learning_rate,precision,recall,log_loss,roc_auc
4,780,182,0.0129651111713953,0.9977186311787072,0.9977186311787072,0.00018741870367144185,0.9999947404183954
