fold_num,num_trees,min_data_in_leaf,learning_rate,precision,recall,log_loss,roc_auc
4,946,189,0.0137860469290072,0.9946808510638298,0.9954372623574145,0.0002693109865008219,0.9999942187974382
