fold_num,num_trees,min_data_in_leaf,learning_rate,precision,recall,log_loss,roc_auc
4,735,187,0.0108090088270125,0.9946768060836502,0.9946768060836502,0.0002401617754915319,0.9992343020717372
