fold_num,num_trees,min_data_in_leaf,learning_rate,precision,recall,log_loss,roc_auc
4,732,186,0.0128983157043805,0.9954407294832827,0.9961977186311787,0.00019103031766299253,0.9999934658589831
