fold_num,num_trees,min_data_in_leaf,learning_rate,precision,recall,log_loss,roc_auc
4,738,184,0.0121061504642718,0.9984790874524715,0.9984790874524715,0.00021495136642159563,0.9992363845075104
