fold_num,num_trees,min_data_in_leaf,learning_rate,precision,recall,log_loss,roc_auc
4,798,184,0.0107791680144032,0.9946808510638298,0.9954372623574145,0.0001925046604867155,0.9999921649872052
