fold_num,num_trees,min_data_in_leaf,learning_rate,precision,recall,log_loss,roc_auc
4,957,185,0.0128249887641602,0.9961977186311787,0.9961977186311787,0.00024113507734072355,0.9992222183348032
