fold_num,num_trees,min_data_in_leaf,learning_rate,precision,recall,log_loss,roc_auc
4,969,196,0.0155620459166053,0.996958174904943,0.996958174904943,0.00021341068166043576,0.9992351313449668
