fold_num,num_trees,min_data_in_leaf,learning_rate,precision,recall,log_loss,roc_auc
4,983,196,0.0123912978598228,0.9946808510638298,0.9954372623574145,0.00021151242764129598,0.9992341002472205
