fold_num,num_trees,min_data_in_leaf,learning_rate,precision,recall,log_loss,roc_auc
4,951,197,0.0110849600822542,0.9961977186311787,0.9961977186311787,0.00022203941064480057,0.9992342112796194
