fold_num,num_trees,min_data_in_leaf,learning_rate,precision,recall,log_loss,roc_auc
4,864,196,0.011682378076707,0.9954372623574145,0.9954372623574145,0.00023199895414623825,0.9992349462909684
