fold_num,num_trees,min_data_in_leaf,learning_rate,precision,recall,log_loss,roc_auc
4,884,196,0.0131305467718393,0.9977186311787072,0.9977186311787072,0.00022432832097666925,0.9992339464210843
