fold_num,num_trees,min_data_in_leaf,learning_rate,precision,recall,log_loss,roc_auc
4,815,196,0.0104325175315089,0.993916349809886,0.993916349809886,0.00024938539873766417,0.9999940684410645
