fold_num,num_trees,min_data_in_leaf,learning_rate,precision,recall,log_loss,roc_auc
4,966,196,0.0158571803050755,0.993920972644377,0.9946768060836502,0.00020917513410820198,0.9992352649308217
