fold_num,num_trees,min_data_in_leaf,learning_rate,precision,recall,log_loss,roc_auc
4,975,193,0.0102398354278583,0.9954372623574145,0.9954372623574145,0.0002205548482189701,0.9992346455782213
