verbose,num_trees,learning_rate,min_data_in_leaf,objective,early_stopping_round,fold_num,precision,recall,log_loss,roc_auc
-1,626,0.0125264672655345,147,binary,-1,2,0.9961656441717791,0.9961656441717791,0.00012832659754898087,0.9999971821601302
