verbose,num_trees,learning_rate,min_data_in_leaf,objective,early_stopping_round,fold_num,precision,recall,log_loss,roc_auc
-1,751,0.0128830155286496,190,binary,-1,2,0.9969325153374233,0.9969325153374233,0.00013477144719654217,0.9999963952938574
