verbose,num_trees,learning_rate,min_data_in_leaf,objective,early_stopping_round,fold_num,precision,recall,log_loss,roc_auc
-1,612,0.0126801789890164,155,binary,-1,1,0.9937791601866252,0.9937791601866252,0.0001541441474117921,0.9999926260554506
