verbose,num_trees,learning_rate,min_data_in_leaf,objective,early_stopping_round,fold_num,precision,recall,log_loss,roc_auc
-1,626,0.0125264672655345,147,binary,-1,3,0.9975369458128078,0.9975369458128078,0.00011978532136220282,0.9999820885944547
