dropout_1,dropout_2,relu_1,relu_2,epochs
0.01771679904881449,0.00595308011098558,56,29,14
