dropout_1,dropout_2,relu_1,relu_2,epochs
1.2044868222029e-4,0.0632962786094702,33,20,20
